{
  "segments": [
    {
      "start": 19.5,
      "end": 32.5,
      "score": 0.04796
    },
    {
      "start": 38.0,
      "end": 43.0,
      "score": 0.03365
    },
    {
      "start": 59.5,
      "end": 70.5,
      "score": 0.05028
    },
    {
      "start": 99.5,
      "end": 111.5,
      "score": 0.04893
    }
  ],
  "totalDuration": 37.0
}
